Borough,Rank,Station_ID,Station_Name,Latitude,Longitude,State,Distance_km
Bronx,1,USW00014732,LAGUARDIA AP,40.7794,-73.8803,,7.388217167307335
Bronx,2,USL000KPTN6,KINGS POINT,40.8,-73.77,,9.404691539163903
Bronx,3,USW00094728,NY CITY CNTRL PARK,40.7789,-73.9692,,11.440851722389944
Brooklyn,1,USI0000KJRB,PORT AUTH DOWNTN MANHATTAN WAL,40.7012,-74.009,,6.032484724850772
Brooklyn,2,USL000BATN6,THE BATTERY,40.701,-74.014,,6.407959384239757
Brooklyn,3,USW00094706,NEW YORK WB CITY,40.7011,-74.0153,,6.513103548487217
Manhattan,1,USW00094728,NY CITY CNTRL PARK,40.7789,-73.9692,,0.49645114369957305
Manhattan,2,USW00014732,LAGUARDIA AP,40.7794,-73.8803,,7.664628131490914
Manhattan,3,USI0000KJRB,PORT AUTH DOWNTN MANHATTAN WAL,40.7012,-74.009,,9.647607327489116
Queens,1,USL000KPTN6,KINGS POINT,40.8,-73.77,,8.25461557148029
Queens,2,USW00014732,LAGUARDIA AP,40.7794,-73.8803,,9.173776354556928
Queens,3,USW00094789,JFK INTL AP,40.6392,-73.7639,,10.23574617427606
